<?xml version="1.0" encoding="UTF-8"?>
<project-private xmlns="http://www.netbeans.org/ns/project-private/1">
    <editor-bookmarks xmlns="http://www.netbeans.org/ns/editor-bookmarks/2" lastBookmarkId="0"/>
    <open-files xmlns="http://www.netbeans.org/ns/projectui-open-files/2">
        <group>
            <file>file:/C:/microchip/harmony/v1_08_01/apps/serverandsonic/firmware/src/system_config/default/grabber_p.h</file>
            <file>file:/C:/microchip/harmony/v1_08_01/apps/serverandsonic/firmware/src/datastructures.h</file>
            <file>file:/C:/microchip/harmony/v1_08_01/apps/serverandsonic/firmware/src/grabber.c</file>
            <file>file:/C:/microchip/harmony/v1_08_01/apps/serverandsonic/firmware/src/data.c</file>
            <file>file:/C:/microchip/harmony/v1_08_01/apps/serverandsonic/firmware/src/system_config/default/system_interrupt.c</file>
            <file>file:/C:/microchip/harmony/v1_08_01/apps/serverandsonic/firmware/src/system_config/default/framework/driver/oc/src/drv_oc_static.c</file>
        </group>
    </open-files>
</project-private>
